ID,name,createdAt,createdBy,modifiedAt,modifiedBy
18740699-5de4-44b3-bfcb-61d0e0236670,name-18740699,2023-01-08T00:00:00.000Z,createdBy.b5oez@example.net,2014-06-26T00:00:00.000Z,modifiedBy.b5oez@example.org
30087365-c8b8-4a32-afd7-a65c4a504cfd,name-30087365,2000-05-28T00:00:00.000Z,createdBy.hwvk5@example.com,2012-06-20T00:00:00.000Z,modifiedBy.hwvk5@example.org
30087366-eea7-45f1-90cc-e7a2efa7a3ce,name-30087366,2014-07-14T00:00:00.000Z,createdBy.hwvk6@example.com,2003-10-14T00:00:00.000Z,modifiedBy.hwvk6@example.com
30087367-4899-47fe-8927-0fdbba98f89c,name-30087367,2007-02-28T00:00:00.000Z,createdBy.hwvk7@example.org,2003-10-24T00:00:00.000Z,modifiedBy.hwvk7@example.com
30087368-3ab5-416b-a2e0-c27389f58467,name-30087368,2010-12-08T00:00:00.000Z,createdBy.hwvk8@example.net,2007-02-08T00:00:00.000Z,modifiedBy.hwvk8@example.net
30087369-cf02-4023-ae5d-3e5214334850,name-30087369,2020-01-03T00:00:00.000Z,createdBy.hwvk9@example.org,2010-04-22T00:00:00.000Z,modifiedBy.hwvk9@example.com
30087370-19d0-4cf0-aa63-7b89c15063c5,name-30087370,2015-05-23T00:00:00.000Z,createdBy.hwvka@example.com,2020-11-04T00:00:00.000Z,modifiedBy.hwvka@example.net
30087371-d180-40eb-a5b8-ab9f8e5d0876,name-30087371,2015-11-02T00:00:00.000Z,createdBy.hwvkb@example.com,2005-04-27T00:00:00.000Z,modifiedBy.hwvkb@example.com
30087372-66ec-4e1d-bc0b-e87566925827,name-30087372,2011-09-25T00:00:00.000Z,createdBy.hwvkc@example.org,2011-04-25T00:00:00.000Z,modifiedBy.hwvkc@example.com
30087373-ff17-4e51-96f1-5edc95f97ba2,name-30087373,2022-08-13T00:00:00.000Z,createdBy.hwvkd@example.com,2005-02-19T00:00:00.000Z,modifiedBy.hwvkd@example.net
